"id","name","owner","lng","lat","description"
"1","Leigh Creek",,"138.416595","-30.480358","Name: Leigh Creek<br />State: SA<br />Longitude: 138.416588<br />Latitude: -30.480359<br />Commodities: Coal - black<br />Websites:<br /><br />"
"2","Anglesea",,"144.169968","-38.391750","Name: Anglesea<br />State: VIC<br />Longitude: 144.169962<br />Latitude: -38.391751<br />Commodities: Coal - brown<br />Websites:<br /><br /><a href='http://www.dpi.vic.gov.au'>Department of Primary Industries</a><br /><a href='http://www.alcoa.com.au'>Alcoa of Australia Ltd</a><br />"
"3","Yallourn",,"146.360397","-38.195065","Name: Yallourn<br />State: VIC<br />Longitude: 146.360402<br />Latitude: -38.195064<br />Commodities: Coal - brown<br />Websites:<br /><br /><a href='http://www.clpgroup.com'>CLP Holdings</a><br /><a href='http://www.truenergy.com.au'>TRU Energy</a><br />"
"4","Hazelwood Mine",,"146.391006","-38.268963","Name: Hazelwood Mine<br />State: VIC<br />Longitude: 146.391003<br />Latitude: -38.268964<br />Commodities: Coal - brown<br />Websites:<br /><br /><a href='http://www.hazelwoodpower.com.au'>Hazelwood Power Corporation</a><br /><a href='http://www.ebac.com.au'>Energy Brix Australia</a><br />"
"5","Angus Place",,"150.199020","-33.349155","Name: Angus Place<br />State: NSW<br />Longitude: 150.199019<br />Latitude: -33.349157<br />Commodities: Coal - black<br />Websites:<br /><br /><a href='http://www.centennialcoal.com.au'>Centennial Coal Co Ltd</a><br />"
"6","Clarence",,"150.243927","-33.456478","Name: Clarence<br />State: NSW<br />Longitude: 150.243930<br />Latitude: -33.456479<br />Commodities: Coal - black<br />Websites:<br /><br /><a href='http://www.centennialcoal.com.au'>Centennial Coal Co Ltd</a><br />"
"7","Mount Owen",,"151.099976","-32.386841","Name: Mount Owen<br />State: NSW<br />Longitude: 151.099981<br />Latitude: -32.386840<br />Commodities: Coal - black<br />Websites:<br /><br /><a href='http://www.mining-technology.com/projects/owen/'>Mount Owen Mine</a><br /><a href='http://www.xstrata.com'>Xstrata</a><br />"
"8","Ravensworth UG",,"151.037476","-32.436562","Name: Ravensworth UG<br />State: NSW<br />Longitude: 151.037482<br />Latitude: -32.436562<br />Commodities: Coal - black<br />Websites:<br /><br /><a href='http://www.xstrata.com/'>Xstrata plc</a><br />"
"9","Rixs Creek",,"151.129990","-32.526840","Name: Rixs Creek<br />State: NSW<br />Longitude: 151.129982<br />Latitude: -32.526840<br />Commodities: Coal - black<br />Websites:<br /><br />"
"10","Coppabella",,"148.427185","-21.844555","Name: Coppabella<br />State: QLD<br />Longitude: 148.427187<br />Latitude: -21.844554<br />Commodities: Coal - black<br />Websites:<br /><br /><a href='http://www.macarthurcoal.com.au'>Macarthur Coal Ltd</a><br />"
"11","Crinum","BHP","148.371002","-23.210106","Name: Crinum<br />State: QLD<br />Longitude: 148.371006<br />Latitude: -23.210105<br />Commodities: Coal - black<br />Websites:<br /><br /><a href='http://www.mining-technology.com/projects/crinum/'>Crinum Mine</a><br /><a href='http://www.bmacoal.com'>BMA</a><br />"
"12","Meandu",,"151.911530","-26.813543","Name: Meandu<br />State: QLD<br />Longitude: 151.911523<br />Latitude: -26.813543<br />Commodities: Coal - black<br />Websites:<br /><br /><a href='http://www.tarongenergy.com.au'>Tarong Energy</a><br />"
"13","Premier",,"116.286507","-33.391727","Name: Premier<br />State: WA<br />Longitude: 116.286509<br />Latitude: -33.391728<br />Commodities: Coal - black<br />Websites:<br /><br /><a href='http://www1.wesfarmers.com.au'>Wesfarmers</a><br /><a href='http://www.doir.wa.gov.au'>Department of Industry and Resources</a><br />"
"14","West Wallsend",,"151.604813","-32.947910","Name: West Wallsend<br />State: NSW<br />Longitude: 151.604811<br />Latitude: -32.947911<br />Commodities: Coal - black<br />Websites:<br /><br /><a href='http://www.xstrata.com'>Xstrata</a><br /><a href='http://www.marubeni.com/'>Marubeni Corporation</a><br />"
"15","Westside",,"151.570007","-32.946823","Name: Westside<br />State: NSW<br />Longitude: 151.570003<br />Latitude: -32.946825<br />Commodities: Coal - black<br />Websites:<br /><br /><a href='http://www.xstrata.com'>Xstrata</a><br /><a href='http://www.marubeni.com/'>Marubeni Corporation</a><br />"
"16","Baal Bone",,"150.050003","-33.266853","Name: Baal Bone<br />State: NSW<br />Longitude: 150.050002<br />Latitude: -33.266854<br />Commodities: Coal - black<br />Websites:<br /><br /><a href='http://www.xstrata.com'>Xstrata</a><br /><a href='http://www.sumitomocorp.co.jp/english/'>Sumitomo Corporation</a><br />"
"17","Charbon",,"149.977661","-32.896404","Name: Charbon<br />State: NSW<br />Longitude: 149.977664<br />Latitude: -32.896406<br />Commodities: Coal - black<br />Websites:<br /><br /><a href='http://www.centennialcoal.com.au'>Centennial Coal Co Ltd</a><br />"
"18","Suttor Creek",,"147.936752","-21.379894","Name: Suttor Creek<br />State: QLD<br />Longitude: 147.936756<br />Latitude: -21.379895<br />Commodities: Coal - black<br />Websites:<br /><br /><a href='http://www.itochu.co.jp/main/index_e.html'>Itochu Corporation</a><br />"
"19","Donaldson",,"151.576508","-32.792984","Name: Donaldson<br />State: NSW<br />Longitude: 151.576508<br />Latitude: -32.792984<br />Commodities: Coal - black<br />Websites:<br /><br /><a href='http://www.doncoal.com.au'>Donaldson Coal Pty Ltd</a><br />"
"20","Mandalong",,"151.449982","-33.126842","Name: Mandalong<br />State: NSW<br />Longitude: 151.449976<br />Latitude: -33.126841<br />Commodities: Coal - black<br />Websites:<br /><br /><a href='http://www.centennialcoal.com.au'>Centennial Coal Co Ltd</a><br />"
"21","Ravensworth Narama",,"151.039978","-32.456841","Name: Ravensworth Narama<br />State: NSW<br />Longitude: 151.039983<br />Latitude: -32.456840<br />Commodities: Coal - black<br />Websites:<br /><br /><a href='http://www.iluka.com'>Iluka Resources Ltd</a><br /><a href='http://www.xstrata.com'>Xstrata</a><br />"
"22","Springvale",,"150.105621","-33.400600","Name: Springvale<br />State: NSW<br />Longitude: 150.105627<br />Latitude: -33.400600<br />Commodities: Coal - black<br />Websites:<br /><br /><a href='http://www.centennialcoal.com.au'>Centennial Coal Co Ltd</a><br />"
"23","Ivanhoe North",,"150.010010","-33.356853","Name: Ivanhoe North<br />State: NSW<br />Longitude: 150.010004<br />Latitude: -33.356854<br />Commodities: Coal - black<br />Websites:<br /><br /><a href='http://www.centennialcoal.com.au'>Centennial Coal Co Ltd</a><br />"
"24","Tasman",,"151.540009","-32.886826","Name: Tasman<br />State: NSW<br />Longitude: 151.540002<br />Latitude: -32.886825<br />Commodities: Coal - black<br />Websites:<br /><br /><a href='http://www.ellemby.com'>Ellemby Resources</a><br />"
"25","Baralaba",,"149.803238","-24.164856","Name: Baralaba<br />State: QLD<br />Longitude: 149.803238<br />Latitude: -24.164856<br />Commodities: Coal - black<br />Websites:<br /><br /><a href='http://www.cockatoocoal.com.au'>Cockatoo Coal</a><br />"
"26","Lake Lindsay",,"148.753067","-23.034357","Name: Lake Lindsay<br />State: QLD<br />Longitude: 148.753060<br />Latitude: -23.034358<br />Commodities: Coal - black<br />Websites:<br /><br /><a href='http://www.anglocoal.com.au/'>Anglo Coal Australia Pty Ltd</a><br />"
"27","Curragh",,"148.854141","-23.466219","Name: Curragh<br />State: QLD<br />Longitude: 148.854144<br />Latitude: -23.466218<br />Commodities: Coal - black<br />Websites:<br /><br /><a href='http://www.wesfarmerscoal.com.au'>Wesfarmers Coal Ltd</a><br />"
"28","Jeebropilly",,"152.659348","-27.623016","Name: Jeebropilly<br />State: QLD<br />Longitude: 152.659355<br />Latitude: -27.623017<br />Commodities: Coal - black<br />Websites:<br /><br /><a href='http://www.newhopecoal.com.au'>New Hope Coal</a><br />"
"29","Bloomfield",,"151.566956","-32.792191","Name: Bloomfield<br />State: NSW<br />Longitude: 151.566962<br />Latitude: -32.792189<br />Commodities: Coal - black<br />Websites:<br /><br />"
"30","Glendell",,"151.077545","-32.451191","Name: Glendell<br />State: NSW<br />Longitude: 151.077551<br />Latitude: -32.451192<br />Commodities: Coal - black<br />Websites:<br /><br /><a href='http://www.xstrata.com'>Xstrata</a><br />"
"31","West Cliff",,"150.824387","-34.217548","Name: West Cliff<br />State: NSW<br />Longitude: 150.824388<br />Latitude: -34.217550<br />Commodities: Coal - black<br />Websites:<br /><br /><a href='http://www.illawarracoal.com'>Illawarra Coal</a><br />"
"32","Berrima",,"150.265701","-34.465153","Name: Berrima<br />State: NSW<br />Longitude: 150.265694<br />Latitude: -34.465153<br />Commodities: Coal - black<br />Websites:<br /><br /><a href='http://www.illawarracoal.com'>Illawarra Coal</a><br /><a href='http://www.boral.com.au'>Boral Ltd</a><br /><a href='http://www.deltasbd.com.au'>DeltaSBD</a><br />"
"33","Gregory","BHP","148.356354","-23.172247","Name: Gregory<br />State: QLD<br />Longitude: 148.356348<br />Latitude: -23.172246<br />Commodities: Coal - black<br />Websites:<br /><br /><a href='http://www.bmacoal.com'>BMA</a><br />"
"34","Duralie",,"151.949097","-32.291359","Name: Duralie<br />State: NSW<br />Longitude: 151.949100<br />Latitude: -32.291360<br />Commodities: Coal - black<br />Websites:<br /><br /><a href='http://www.gloucestercoal.com.au'>Gloucester Coal</a><br />"
"35","Cameby Downs",,"150.287170","-26.578623","Name: Cameby Downs<br />State: QLD<br />Longitude: 150.287178<br />Latitude: -26.578622<br />Commodities: Coal - black<br />Websites:<br /><br />"
"36","Yarrabee",,"149.026367","-23.317678","Name: Yarrabee<br />State: QLD<br />Longitude: 149.026371<br />Latitude: -23.317678<br />Commodities: Coal - black<br />Websites:<br /><br /><a href='http://www.felixresources.com.au'>Felix Resources</a><br /><a href='http://yancoalaustralia.com.au'>Yancoal Australia Pty Ltd</a><br />"
"37","Kimbolton",,"146.810257","-42.534115","Name: Kimbolton<br />State: TAS<br />Longitude: 146.810260<br />Latitude: -42.534113<br />Commodities: Coal - black<br />Websites:<br /><br /><a href='http://www.tasminerals.com.au'>Tasmanian Minerals Council</a><br />"
"38","Mount Arthur","BHP","150.856140","-32.337021","Name: Mount Arthur<br />State: NSW<br />Longitude: 150.856144<br />Latitude: -32.337022<br />Commodities: Coal - black<br />Websites:<br /><br /><a href='http://www.bhpbilliton.com'>BHP Billiton</a><br />"
"39","Cullen Valley",,"150.016159","-33.269287","Name: Cullen Valley<br />State: NSW<br />Longitude: 150.016163<br />Latitude: -33.269288<br />Commodities: Coal - black<br />Websites:<br /><br /><a href='http://cetresources.com'>CET Resources</a><br />"
"40","Moorvale",,"148.353577","-21.995518","Name: Moorvale<br />State: QLD<br />Longitude: 148.353580<br />Latitude: -21.995517<br />Commodities: Coal - black<br />Websites:<br /><br /><a href='http://www.macarthurcoal.com.au'>Macarthur Coal Ltd</a><br />"
"41","Dendrobium","BHP","150.759995","-34.376850","Name: Dendrobium<br />State: NSW<br />Longitude: 150.759992<br />Latitude: -34.376850<br />Commodities: Coal - black<br />Websites:<br /><br /><a href='http://www.bhpbilliton.com'>BHP Billiton</a><br />"
"42","Tahmoor",,"150.579498","-34.250801","Name: Tahmoor<br />State: NSW<br />Longitude: 150.579500<br />Latitude: -34.250800<br />Commodities: Coal - black<br />Websites:<br /><br /><a href='http://www.illawarracoal.com'>Illawarra Coal</a><br /><a href='http://www.xstrata.com'>Xstrata</a><br />"
"43","Isaac Plains",,"148.108002","-21.992001","Name: Isaac Plains<br />State: QLD<br />Longitude: 148.108000<br />Latitude: -21.992000<br />Commodities: Coal - black<br />Websites:<br /><br /><a href='http://www.aquilaresources.com.au'>Aquila Resources Ltd</a><br /><a href='http://www.vale.com'>Vale</a><br />"
"44","Airly",,"150.014771","-33.097755","Name: Airly<br />State: NSW<br />Longitude: 150.014770<br />Latitude: -33.097754<br />Commodities: Coal - black<br />Websites:<br /><br /><a href='http://www.centennialcoal.com.au'>Centennial Coal Co Ltd</a><br />"
"45","German Creek",,"148.551010","-22.902571","Name: German Creek<br />State: QLD<br />Longitude: 148.551017<br />Latitude: -22.902571<br />Commodities: Coal - black<br />Websites:<br /><br /><a href='http://www.anglocoal.com.au/'>Anglo Coal Australia Pty Ltd</a><br />"
"46","Moolarben",,"149.785004","-32.290001","Name: Moolarben<br />State: NSW<br />Longitude: 149.785000<br />Latitude: -32.290000<br />Commodities: Coal - black<br />Websites:<br /><br /><a href='http://www.felixresources.com.au'>Felix Resources</a><br /><a href='http://yancoalaustralia.com.au'>Yancoal Australia Pty Ltd</a><br />"
"47","Newstan Lochiel",,"151.563599","-33.030201","Name: Newstan Lochiel<br />State: NSW<br />Longitude: 151.563600<br />Latitude: -33.030200<br />Commodities: Coal - black<br />Websites:<br /><br /><a href='http://www.centennialcoal.com.au'>Centennial Coal Co Ltd</a><br />"
"48","Ravensworth West",,"150.996994","-32.439999","Name: Ravensworth West<br />State: NSW<br />Longitude: 150.997000<br />Latitude: -32.440000<br />Commodities: Coal - black<br />Websites:<br /><br /><a href='http://www.xstrata.com'>Xstrata</a><br />"
"49","Abel",,"151.621124","-32.818420","Name: Abel<br />State: NSW<br />Longitude: 151.621127<br />Latitude: -32.818419<br />Commodities: Coal - black<br />Websites:<br /><br />"
"50","Sonoma",,"147.860001","-20.620001","Name: Sonoma<br />State: QLD<br />Longitude: 147.860000<br />Latitude: -20.620000<br />Commodities: Coal - black<br />Websites:<br /><br /><a href='http://www.qcoal.com.au'>QCoal Pty Ltd</a><br /><a href='http://www.cliffsnaturalresources.com'>Cliffs Natural Resources</a><br />"
"51","Werris Creek",,"150.639496","-31.406981","Name: Werris Creek<br />State: NSW<br />Longitude: 150.639500<br />Latitude: -31.406980<br />Commodities: Coal - black<br />Websites:<br /><br /><a href='http://www.whitehaven.net.au'>Whitehaven Coal Mining</a><br />"
"52","Tarrawonga",,"150.162994","-30.638000","Name: Tarrawonga<br />State: NSW<br />Longitude: 150.163000<br />Latitude: -30.638000<br />Commodities: Coal - black<br />Websites:<br /><br /><a href='http://www.whitehaven.net.au'>Whitehaven Coal Mining</a><br />"
"53","Appin",,"150.791794","-34.207851","Name: Appin<br />State: NSW<br />Longitude: 150.791789<br />Latitude: -34.207850<br />Commodities: Coal - black<br />Websites:<br /><br /><a href='http://www.illawarracoal.com'>Illawarra Coal</a><br />"
"54","Boggabri",,"150.163345","-30.590410","Name: Boggabri<br />State: NSW<br />Longitude: 150.163344<br />Latitude: -30.590411<br />Commodities: Coal - black<br />Websites:<br /><br /><a href='http://www.idemitsu.co.jp/e/'>Idemitsu Kosan Co Ltd</a><br />"
"55","NRE Wongawilli",,"150.735657","-34.474922","Name: NRE Wongawilli<br />State: NSW<br />Longitude: 150.735664<br />Latitude: -34.474921<br />Commodities: Coal - black<br />Websites:<br /><br /><a href='http://www.illawarracoal.com'>Illawarra Coal</a><br /><a href='http://www.gujaratnre.com.au'>Gujarat NRE</a><br />"
"56","Integra (Glennies Creek)",,"151.134979","-32.468838","Name: Integra (Glennies Creek)<br />State: NSW<br />Longitude: 151.134981<br />Latitude: -32.468839<br />Commodities: Coal - black<br />Websites:<br /><br /><a href='http://www.ame.com.au/mines/co/'>AME Research</a><br /><a href='http://www.integracoal.com.au'>Integra Coal</a><br /><a href='http://integra.valeaustralia.com.au/'>Vale Australia</a><br />"
"57","Liddell",,"150.999878","-32.391602","Name: Liddell<br />State: NSW<br />Longitude: 150.999883<br />Latitude: -32.391601<br />Commodities: Coal - black<br />Websites:<br /><br /><a href='http://www.xstrata.com/'>Xstrata plc</a><br /><a href='http://www.liddellcoal.com.au/'>Liddell Coal</a><br />"
"58","Mount Thorley",,"151.108627","-32.637409","Name: Mount Thorley<br />State: NSW<br />Longitude: 151.108624<br />Latitude: -32.637410<br />Commodities: Coal - black<br />Websites:<br /><br /><a href='http://www.riotinto.com'>Rio Tinto</a><br /><a href='http://www.coalandallied.com.au/'>Coal and Allied</a><br /><a href='http://www.riotintocoalaustralia.com.au'>Rio Tinto Coal Australia</a><br />"
"59","Myuna",,"151.568741","-33.060112","Name: Myuna<br />State: NSW<br />Longitude: 151.568738<br />Latitude: -33.060111<br />Commodities: Coal - black<br />Websites:<br /><br /><a href='http://www.centennialcoal.com.au'>Centennial Coal Co Ltd</a><br />"
"60","Bulga",,"151.109985","-32.686840","Name: Bulga<br />State: NSW<br />Longitude: 151.109984<br />Latitude: -32.686840<br />Commodities: Coal - black<br />Websites:<br /><br /><a href='http://www.xstrata.com'>Xstrata</a><br />"
"61","NRE No1",,"150.869995","-34.346848","Name: NRE No1<br />State: NSW<br />Longitude: 150.869989<br />Latitude: -34.346849<br />Commodities: Coal - black<br />Websites:<br /><br /><a href='http://www.illawarracoal.com'>Illawarra Coal</a><br /><a href='http://www.gujaratnre.com.au'>Gujarat NRE</a><br />"
"62","Ulan",,"149.749985","-32.246864","Name: Ulan<br />State: NSW<br />Longitude: 149.749983<br />Latitude: -32.246863<br />Commodities: Coal - black<br />Websites:<br /><br /><a href='http://www.xstrata.com'>Xstrata</a><br />"
"63","Wambo",,"150.998077","-32.578152","Name: Wambo<br />State: NSW<br />Longitude: 150.998075<br />Latitude: -32.578151<br />Commodities: Coal - black<br />Websites:<br /><br /><a href='http://www.peabodyenergy.com.au'>Peabody Energy Australia</a><br />"
"64","Warkworth",,"151.090164","-32.607010","Name: Warkworth<br />State: NSW<br />Longitude: 151.090164<br />Latitude: -32.607010<br />Commodities: Coal - black<br />Websites:<br /><br /><a href='http://www.riotinto.com'>Rio Tinto</a><br /><a href='http://www.coalandallied.com.au/'>Coal and Allied</a><br /><a href='http://www.riotintocoalaustralia.com.au'>Rio Tinto Coal Australia</a><br />"
"65","Mannering",,"151.534180","-33.207825","Name: Mannering<br />State: NSW<br />Longitude: 151.534183<br />Latitude: -33.207823<br />Commodities: Coal - black<br />Websites:<br /><br /><a href='http://www.centennialcoal.com.au'>Centennial Coal Co Ltd</a><br />"
"66","Drayton",,"150.911255","-32.347282","Name: Drayton<br />State: NSW<br />Longitude: 150.911253<br />Latitude: -32.347281<br />Commodities: Coal - black<br />Websites:<br /><br /><a href='http://www.anglocoal.com.au/'>Anglo Coal Australia Pty Ltd</a><br />"
"67","New Acland",,"151.707825","-27.269629","Name: New Acland<br />State: QLD<br />Longitude: 151.707831<br />Latitude: -27.269628<br />Commodities: Coal - black<br />Websites:<br /><br /><a href='http://www.newhopecoal.com.au'>New Hope Coal</a><br />"
"68","Blackwater","BHP","148.807358","-23.685585","Name: Blackwater<br />State: QLD<br />Longitude: 148.807361<br />Latitude: -23.685585<br />Commodities: Coal - black<br />Websites:<br /><br /><a href='http://www.bmacoal.com'>BMA</a><br />"
"69","Burton",,"148.172562","-21.588585","Name: Burton<br />State: QLD<br />Longitude: 148.172558<br />Latitude: -21.588585<br />Commodities: Coal - black<br />Websites:<br /><br /><a href='http://www.peabodyenergy.com.au'>Peabody Energy Australia</a><br />"
"70","Callide",,"150.622177","-24.310921","Name: Callide<br />State: QLD<br />Longitude: 150.622173<br />Latitude: -24.310921<br />Commodities: Coal - black<br />Websites:<br /><br /><a href='http://www.anglocoal.com.au/'>Anglo Coal Australia Pty Ltd</a><br />"
"71","Clermont",,"147.630768","-22.689217","Name: Clermont<br />State: QLD<br />Longitude: 147.630768<br />Latitude: -22.689216<br />Commodities: Coal - black<br />Websites:<br /><br /><a href='http://www.riotinto.com'>Rio Tinto</a><br /><a href='http://www.riotintocoalaustralia.com.au'>Rio Tinto Coal Australia</a><br />"
"72","Collinsville",,"147.768555","-20.567608","Name: Collinsville<br />State: QLD<br />Longitude: 147.768557<br />Latitude: -20.567608<br />Commodities: Coal - black<br />Websites:<br /><br /><a href='http://www.xstrata.com'>Xstrata</a><br /><a href='http://www.itochu.co.jp/main/index_e.html'>Itochu Corporation</a><br />"
"73","Cook",,"148.914688","-23.709213","Name: Cook<br />State: QLD<br />Longitude: 148.914684<br />Latitude: -23.709213<br />Commodities: Coal - black<br />Websites:<br /><br /><a href='http://www.caledonresources.com'>Caledon Resources plc</a><br />"
"74","Ensham",,"148.497452","-23.454464","Name: Ensham<br />State: QLD<br />Longitude: 148.497455<br />Latitude: -23.454464<br />Commodities: Coal - black<br />Websites:<br /><br /><a href='http://www.ensham.com.au/'>Ensham Resources</a><br />"
"75","German Creek East",,"148.650070","-22.918036","Name: German Creek East<br />State: QLD<br />Longitude: 148.650065<br />Latitude: -22.918035<br />Commodities: Coal - black<br />Websites:<br /><br /><a href='http://www.anglocoal.com.au/'>Anglo Coal Australia Pty Ltd</a><br />"
"76","Goonyella","BHP","147.962051","-21.792320","Name: Goonyella<br />State: QLD<br />Longitude: 147.962045<br />Latitude: -21.792321<br />Commodities: Coal - black<br />Websites:<br /><br /><a href='http://www.bmacoal.com'>BMA</a><br />"
"77","Hail Creek",,"148.406799","-21.505383","Name: Hail Creek<br />State: QLD<br />Longitude: 148.406805<br />Latitude: -21.505383<br />Commodities: Coal - black<br />Websites:<br /><br /><a href='http://www.riotinto.com'>Rio Tinto</a><br /><a href='http://www.riotintocoalaustralia.com.au'>Rio Tinto Coal Australia</a><br />"
"78","Jellinbah East",,"148.950638","-23.406874","Name: Jellinbah East<br />State: QLD<br />Longitude: 148.950644<br />Latitude: -23.406874<br />Commodities: Coal - black<br />Websites:<br /><br /><a href='http://www.jellinbah.com.au'>Jellinbah Resources</a><br />"
"79","Kogan Creek",,"150.772629","-26.895716","Name: Kogan Creek<br />State: QLD<br />Longitude: 150.772631<br />Latitude: -26.895716<br />Commodities: Coal - black<br />Websites:<br /><br /><a href='http://www.csenergy.com.au'>CS Energy</a><br />"
"80","Lake Vermont",,"148.438507","-22.399002","Name: Lake Vermont<br />State: QLD<br />Longitude: 148.438513<br />Latitude: -22.399002<br />Commodities: Coal - black<br />Websites:<br /><br /><a href='http://www.lakevermontcoal.com.au'>Lake Vermont Coal</a><br />"
"81","Moranbah North",,"147.956741","-21.871330","Name: Moranbah North<br />State: QLD<br />Longitude: 147.956742<br />Latitude: -21.871331<br />Commodities: Coal - black<br />Websites:<br /><br /><a href='http://www.anglocoal.com.au/'>Anglo Coal Australia Pty Ltd</a><br />"
"82","Dawson",,"150.059235","-24.616825","Name: Dawson<br />State: QLD<br />Longitude: 150.059238<br />Latitude: -24.616826<br />Commodities: Coal - black<br />Websites:<br /><br /><a href='http://www.mining-technology.com/projects/moura/'>Moura Mine</a><br /><a href='http://www.anglocoal.com.au/'>Anglo Coal Australia Pty Ltd</a><br />"
"83","North Goonyella - Eaglefield",,"147.976608","-21.647551","Name: North Goonyella - Eaglefield<br />State: QLD<br />Longitude: 147.976615<br />Latitude: -21.647550<br />Commodities: Coal - black<br />Websites:<br /><br /><a href='http://www.peabodyenergy.com.au'>Peabody Energy Australia</a><br />"
"84","Oaky Creek",,"148.493210","-23.041584","Name: Oaky Creek<br />State: QLD<br />Longitude: 148.493210<br />Latitude: -23.041584<br />Commodities: Coal - black<br />Websites:<br /><br /><a href='http://www.xstrata.com'>Xstrata</a><br /><a href='http://www.itochu.co.jp/main/index_e.html'>Itochu Corporation</a><br />"
"85","Peak Downs","BHP","148.173065","-22.219913","Name: Peak Downs<br />State: QLD<br />Longitude: 148.173066<br />Latitude: -22.219914<br />Commodities: Coal - black<br />Websites:<br /><br /><a href='http://www.bmacoal.com'>BMA</a><br />"
"86","Rolleston",,"148.410599","-24.444059","Name: Rolleston<br />State: QLD<br />Longitude: 148.410596<br />Latitude: -24.444059<br />Commodities: Coal - black<br />Websites:<br /><br /><a href='http://www.xstrata.com'>Xstrata</a><br /><a href='http://www.sumitomocorp.co.jp/english/'>Sumitomo Corporation</a><br /><a href='http://www.itochu.co.jp/main/index_e.html'>Itochu Corporation</a><br />"
"87","Dawson South",,"150.030716","-24.876583","Name: Dawson South<br />State: QLD<br />Longitude: 150.030716<br />Latitude: -24.876583<br />Commodities: Coal - black<br />Websites:<br /><br /><a href='http://www.anglocoal.com.au/'>Anglo Coal Australia Pty Ltd</a><br />"
"88","Saraji","BHP","148.291046","-22.369379","Name: Saraji<br />State: QLD<br />Longitude: 148.291051<br />Latitude: -22.369379<br />Commodities: Coal - black<br />Websites:<br /><br /><a href='http://www.bmacoal.com'>BMA</a><br />"
"89","Commodore",,"151.279053","-27.930269","Name: Commodore<br />State: QLD<br />Longitude: 151.279051<br />Latitude: -27.930269<br />Commodities: Coal - black<br />Websites:<br /><br /><a href='http://www.hpi.com.cn'>Huaneng Power International</a><br />"
"90","South Walker Creek","BHP","148.442719","-21.770943","Name: South Walker Creek<br />State: QLD<br />Longitude: 148.442713<br />Latitude: -21.770942<br />Commodities: Coal - black<br />Websites:<br /><br /><a href='http://www.bmacoal.com'>BMA</a><br />"
"91","Boundary Hill",,"150.494064","-24.199444","Name: Boundary Hill<br />State: QLD<br />Longitude: 150.494057<br />Latitude: -24.199444<br />Commodities: Coal - black<br />Websites:<br /><br /><a href='http://www.anglocoal.com.au/'>Anglo Coal Australia Pty Ltd</a><br />"
"92","Stratford",,"151.974701","-32.116070","Name: Stratford<br />State: NSW<br />Longitude: 151.974708<br />Latitude: -32.116070<br />Commodities: Coal - black<br />Websites:<br /><br /><a href='http://www.gloucestercoal.com.au'>Gloucester Coal</a><br />"
"93","Poitrel","BHP","148.234375","-22.041216","Name: Poitrel<br />State: QLD<br />Longitude: 148.234381<br />Latitude: -22.041216<br />Commodities: Coal - black<br />Websites:<br /><br /><a href='http://www.bmacoal.com'>BMA</a><br />"
"94","Middlemount",,"148.631622","-22.848131","Name: Middlemount<br />State: QLD<br />Longitude: 148.631626<br />Latitude: -22.848131<br />Commodities: Coal - black<br />Websites:<br /><br /><a href='http://www.macarthurcoal.com.au'>Macarthur Coal Ltd</a><br />"
"95","Minerva",,"148.047134","-23.921375","Name: Minerva<br />State: QLD<br />Longitude: 148.047135<br />Latitude: -23.921376<br />Commodities: Coal - black<br />Websites:<br /><br /><a href='http://www.felixresources.com.au'>Felix Resources</a><br /><a href='http://yancoalaustralia.com.au'>Yancoal Australia Pty Ltd</a><br />"
"96","Curragh North",,"148.873810","-23.379904","Name: Curragh North<br />State: QLD<br />Longitude: 148.873806<br />Latitude: -23.379904<br />Commodities: Coal - black<br />Websites:<br /><br /><a href='http://www.wesfarmers.com.au'>Wesfarmers</a><br />"
"97","Muswellbrook No2",,"150.941391","-32.244987","Name: Muswellbrook No2<br />State: NSW<br />Longitude: 150.941392<br />Latitude: -32.244988<br />Commodities: Coal - black<br />Websites:<br /><br /><a href='http://www.idemitsu.co.jp/e/'>Idemitsu Kosan Co Ltd</a><br />"
"98","Kestrel",,"148.370300","-23.241972","Name: Kestrel<br />State: QLD<br />Longitude: 148.370306<br />Latitude: -23.241972<br />Commodities: Coal - black<br />Websites:<br /><br /><a href='http://www.riotinto.com'>Rio Tinto</a><br /><a href='http://www.riotintocoalaustralia.com.au'>Rio Tinto Coal Australia</a><br />"
"99","Austar",,"151.304626","-32.866856","Name: Austar<br />State: NSW<br />Longitude: 151.304621<br />Latitude: -32.866855<br />Commodities: Coal - black<br />Websites:<br /><br /><a href='http://www.austarcoalmine.com.au'>Austar Coal Mine Pty Ltd</a><br /><a href='http://yancoalaustralia.com.au'>Yancoal Australia Pty Ltd</a><br />"
"100","Integra (Camberwell)",,"151.144974","-32.483837","Name: Integra (Camberwell)<br />State: NSW<br />Longitude: 151.144981<br />Latitude: -32.483839<br />Commodities: Coal - black<br />Websites:<br /><br /><a href='http://www.toyotsu.co.jp'>Toyota Tsusho Corp. of Japan</a><br /><a href='http://www.vale.com'>Vale</a><br /><a href='http://www.integracoal.com.au'>Integra Coal</a><br />"
"101","Foxleigh",,"148.803894","-22.997778","Name: Foxleigh<br />State: QLD<br />Longitude: 148.803889<br />Latitude: -22.997778<br />Commodities: Coal - black<br />Websites:<br /><br /><a href='http://www.anglocoal.com.au'>Anglo Coal Australia</a><br /><a href='http://www.itochu.co.jp/main/index_e.html'>Itochu Corporation</a><br />"
"102","New Oakleigh",,"152.574783","-27.611694","Name: New Oakleigh<br />State: QLD<br />Longitude: 152.574788<br />Latitude: -27.611694<br />Commodities: Coal - black<br />Websites:<br /><br /><a href='http://www.newhopecoal.com.au'>New Hope Coal</a><br />"
"103","Chain Valley",,"151.550003","-33.163055","Name: Chain Valley<br />State: NSW<br />Longitude: 151.550004<br />Latitude: -33.163056<br />Commodities: Coal - black<br />Websites:<br /><br /><a href='http://www.ldo.com.au'>LD Operations</a><br />"
"104","Duncan",,"148.110504","-41.555153","Name: Duncan<br />State: TAS<br />Longitude: 148.110498<br />Latitude: -41.555153<br />Commodities: Coal - black<br />Websites:<br /><br />"
"105","Mangoola",,"150.669983","-32.296844","Name: Mangoola<br />State: NSW<br />Longitude: 150.669987<br />Latitude: -32.296844<br />Commodities: Coal - black<br />Websites:<br /><br /><a href='http://www.xstrata.com'>Xstrata</a><br />"
"106","Metropolitan",,"150.996567","-34.184914","Name: Metropolitan<br />State: NSW<br />Longitude: 150.996569<br />Latitude: -34.184912<br />Commodities: Coal - black<br />Websites:<br /><br /><a href='http://www.illawarracoal.com'>Illawarra Coal</a><br /><a href='http://www.peabodyenergy.com.au'>Peabody Energy Australia</a><br />"
"107","Ashton",,"151.066666","-32.466671","Name: Ashton<br />State: NSW<br />Longitude: 151.066670<br />Latitude: -32.466670<br />Commodities: Coal - black<br />Websites:<br /><br /><a href='http://www.felixresources.com.au'>Felix Resources</a><br /><a href='http://www.ashtoncoal.com.au'>Ashton Coal</a><br /><a href='http://yancoalaustralia.com.au'>Yancoal Australia Pty Ltd</a><br />"
"108","Bengalla",,"150.845993","-32.271500","Name: Bengalla<br />State: NSW<br />Longitude: 150.846000<br />Latitude: -32.271500<br />Commodities: Coal - black<br />Websites:<br /><br /><a href='http://www.riotinto.com'>Rio Tinto</a><br /><a href='http://www.coalandallied.com.au/'>Coal and Allied</a><br /><a href='http://www.riotintocoalaustralia.com.au'>Rio Tinto Coal Australia</a><br />"
"109","Hunter Valley Complex",,"150.992004","-32.510399","Name: Hunter Valley Complex<br />State: NSW<br />Longitude: 150.992000<br />Latitude: -32.510400<br />Commodities: Coal - black<br />Websites:<br /><br /><a href='http://www.riotinto.com'>Rio Tinto</a><br /><a href='http://www.coalandallied.com.au/'>Coal and Allied</a><br />"
"110","Blair Athol",,"147.526993","-22.690500","Name: Blair Athol<br />State: QLD<br />Longitude: 147.527000<br />Latitude: -22.690500<br />Commodities: Coal - black<br />Websites:<br /><br /><a href='http://www.riotinto.com'>Rio Tinto</a><br /><a href='http://www.riotintocoalaustralia.com.au'>Rio Tinto Coal Australia</a><br />"
"111","Newlands",,"147.901001","-21.254400","Name: Newlands<br />State: QLD<br />Longitude: 147.901000<br />Latitude: -21.254400<br />Commodities: Coal - black<br />Websites:<br /><br /><a href='http://www.xstrata.com'>Xstrata</a><br /><a href='http://www.itochu.co.jp/main/index_e.html'>Itochu Corporation</a><br />"
"112","Wilkie Creek",,"150.960770","-27.042269","Name: Wilkie Creek<br />State: QLD<br />Longitude: 150.960769<br />Latitude: -27.042269<br />Commodities: Coal - black<br />Websites:<br /><br /><a href='http://www.peabodyenergy.com.au'>Peabody Energy Australia</a><br />"
"113","Loy Yang",,"146.563995","-38.234699","Name: Loy Yang<br />State: VIC<br />Longitude: 146.564000<br />Latitude: -38.234700<br />Commodities: Coal - brown<br />Websites:<br /><br /><a href='http://www.powerworks.com.au'>PowerWorks</a><br /><a href='http://www.loyyangpower.com.au'>Loy Yang Power</a><br />"
"114","Ewington",,"116.250000","-33.362400","Name: Ewington<br />State: WA<br />Longitude: 116.250000<br />Latitude: -33.362400<br />Commodities: Coal - black<br />Websites:<br /><br /><a href='http://www.griffincoal.com.au'>Griffin Coal</a><br /><a href='http://www.lancogroup.com/'>Lanco Infratech Ltd</a><br />"
"115","Maddingley",,"144.440155","-37.704288","Name: Maddingley<br />State: VIC<br />Longitude: 144.440161<br />Latitude: -37.704289<br />Commodities: Coal - brown<br />Websites:<br /><br /><a href='http://www.dpi.vic.gov.au'>Department of Primary Industries</a><br />"
"116","Cullenswood",,"148.152298","-41.617805","Name: Cullenswood<br />State: TAS<br />Longitude: 148.152291<br />Latitude: -41.617804<br />Commodities: Coal - black<br />Websites:<br /><br /><a href='http://www.tasminerals.com.au'>Tasmanian Minerals Council</a><br />"
"117","Wilpinjong",,"149.884995","-32.332001","Name: Wilpinjong<br />State: NSW<br />Longitude: 149.885000<br />Latitude: -32.332000<br />Commodities: Coal - black<br />Websites:<br /><br /><a href='http://www.peabodyenergy.com.au'>Peabody Energy Australia</a><br />"
"118","Millenium",,"148.212997","-22.025000","Name: Millenium<br />State: QLD<br />Longitude: 148.213000<br />Latitude: -22.025000<br />Commodities: Coal - black<br />Websites:<br /><br /><a href='http://www.peabodyenergy.com.au'>Peabody Energy Australia</a><br />"
"119","Narrabri",,"149.850006","-30.520000","Name: Narrabri<br />State: NSW<br />Longitude: 149.850000<br />Latitude: -30.520000<br />Commodities: Coal - black<br />Websites:<br /><br /><a href='http://www.whitehaven.net.au'>Whitehaven Coal Mining</a><br />"
"120","Sunnyside",,"150.089996","-30.990000","Name: Sunnyside<br />State: NSW<br />Longitude: 150.090000<br />Latitude: -30.990000<br />Commodities: Coal - black<br />Websites:<br /><br /><a href='http://www.whitehaven.net.au'>Whitehaven Coal Mining</a><br />"
"121","Carborough Downs",,"148.209396","-21.950199","Name: Carborough Downs<br />State: QLD<br />Longitude: 148.209400<br />Latitude: -21.950200<br />Commodities: Coal - black<br />Websites:<br /><br /><a href='http://www.vale.com'>Vale</a><br />"
"122","Pine Dale",,"150.065002","-33.297001","Name: Pine Dale<br />State: NSW<br />Longitude: 150.065000<br />Latitude: -33.297000<br />Commodities: Coal - black<br />Websites:<br /><br />"
"123","Broadmeadow","BHP","147.988739","-21.828743",